{"cameraMode":{"drawMode":0,"name":"Shaded","section":"Shading Mode"},"sceneLighting":true,"audioPlay":false,"sceneViewState":{"m_AlwaysRefresh":false,"showFog":true,"showSkybox":true,"showFlares":true,"showImageEffects":true,"showParticleSystems":true,"showVisualEffectGraphs":true,"m_FxEnabled":true},"in2DMode":false,"pivot":{"x":1.6336047649383546,"y":0.21778786182403565,"z":-1.4774088859558106},"rotation":{"x":-0.12433888763189316,"y":0.04820016399025917,"z":-0.006047558039426804,"w":-0.9910529255867004},"size":6.633975505828857,"orthographic":false}